{
  "project_info": {
    "project_number": "648738982694",
    "firebase_url": "https://oiia-29df0.firebaseio.com",
    "project_id": "oiia-29df0",
    "storage_bucket": "oiia-29df0.appspot.com"
  },
  "client": [
    {
      "client_info": {
        "mobilesdk_app_id": "1:648738982694:android:d75abcd657eaa835",
        "android_client_info": {
          "package_name": "com.example.oia"
        }
      },
      "oauth_client": [
        {
          "client_id": "648738982694-qimge2goodorbgd9p9hcv5okl9k79osq.apps.googleusercontent.com",
          "client_type": 1,
          "android_info": {
            "package_name": "com.example.oia",
            "certificate_hash": "64a25aaf5f9cb6af2dbfb055ead46d398bbe0ffe"
          }
        },
        {
          "client_id": "648738982694-pf31nj6mr9v6qu3in3jefv298e2hsq4m.apps.googleusercontent.com",
          "client_type": 3
        }
      ],
      "api_key": [
        {
          "current_key": "AIzaSyDegOgQcf8LDF2pRbG0dvlaAh-jlY2VDpQ"
        }
      ],
      "services": {
        "analytics_service": {
          "status": 1
        },
        "appinvite_service": {
          "status": 2,
          "other_platform_oauth_client": [
            {
              "client_id": "648738982694-pf31nj6mr9v6qu3in3jefv298e2hsq4m.apps.googleusercontent.com",
              "client_type": 3
            }
          ]
        },
        "ads_service": {
          "status": 2
        }
      }
    }
  ],
  "configuration_version": "1"
}